{
    "goal_position": {
        "x": 4.0,
        "y": 4.0
    },
    "map_aabb": [
        -1.0106068604011629,
        5.033196457124476,
        -1.0546956789776434,
        5.118719751570739
    ],
    "obstacles": [
        [
            0.9996001403067845,
            3.0059598596932156,
            -1.0541728467517095,
            -0.9835271532482905
        ],
        [
            3.0076291760642793,
            5.013850823935721,
            -1.044765830587245,
            -0.978814169412755
        ],
        [
            -0.9912233285176363,
            -0.9244966714823638,
            -0.9855426000891402,
            1.0207026000891402
        ],
        [
            -0.988061116682897,
            -0.9214748833171029,
            1.020739522570279,
            3.026980477429721
        ],
        [
            -0.9868949197781216,
            -0.9224150802218785,
            3.0269919522905253,
            5.0331680477094745
        ],
        [
            4.950419315786617,
            5.015400684213383,
            -0.9684998693815919,
            1.037691869381592
        ],
        [
            4.955399927173125,
            5.019980072826875,
            1.037690382940646,
            3.0438696170593538
        ],
        [
            4.959159102107965,
            5.024280897892035,
            3.043871951784868,
            5.050068048215132
        ],
        [
            -0.9879478722014455,
            1.0185958722014454,
            5.03407713710591,
            5.11166286289409
        ],
        [
            1.02060014473817,
            3.0268998552618305,
            5.05016024842926,
            5.118719751570739
        ],
        [
            3.0269235428755232,
            5.033196457124476,
            5.050114260824475,
            5.117765739175526
        ],
        [
            -1.0106068604011629,
            0.9956648604011629,
            -1.0546956789776434,
            -0.9870843210223568
        ],
        [
            -0.9112576550252627,
            1.0950336550252626,
            0.9790633294924458,
            1.0473366705075544
        ],
        [
            0.985607894016649,
            2.991892105983351,
            -0.05920831037944949,
            0.008824310379449495
        ],
        [
            1.9289188340439507,
            2.0009211659560493,
            0.006651210240669059,
            2.0130487897593308
        ],
        [
            -0.06919362295253106,
            1.937087622952531,
            1.9518538398185963,
            2.0197861601814036
        ],
        [
            -0.015218622952531069,
            1.991062622952531,
            2.977863839818596,
            3.0457961601814034
        ],
        [
            1.9962093770474691,
            4.002490622952531,
            2.9768938398185965,
            3.0448261601814037
        ],
        [
            3.946663512041745,
            4.014596487958255,
            -0.9700066326536112,
            1.0362746326536112
        ],
        [
            2.955323512041745,
            3.023256487958255,
            0.9777793673463888,
            2.984060632653611
        ],
        [
            3.941127073276919,
            4.00691292672308,
            1.9700032218561163,
            2.970136778143884
        ],
        [
            -0.919976622952531,
            1.086304622952531,
            3.9721338398185964,
            4.040066160181404
        ],
        [
            1.9627303234793805,
            2.029049676520619,
            3.8068835064782576,
            5.057016493521742
        ],
        [
            2.9421703234793806,
            3.0084896765206195,
            3.041533506478258,
            4.291666493521742
        ]
    ]
}