{
    "goal_position": {
        "x": 0.0,
        "y": 0.0
    },
    "map_aabb": [
        -0.6040023285176362,
        3.534200072826875,
        -0.5762519560086875,
        3.447370477429721
    ],
    "obstacles": [
        [
            1.467519487804168,
            3.4736805121958323,
            -0.5750632067693593,
            -0.5110627932306406
        ],
        [
            -0.6040023285176362,
            -0.5372756714823638,
            -0.5653386000891403,
            1.4409066000891402
        ],
        [
            -0.5991881166828972,
            -0.5326018833171029,
            1.4411295225702787,
            3.447370477429721
        ],
        [
            3.469619927173125,
            3.534200072826875,
            1.4271103829406464,
            3.433289617059354
        ],
        [
            -0.5396968604011629,
            1.4665748604011628,
            -0.5731146789776433,
            -0.5055033210223567
        ],
        [
            3.4505289585349392,
            3.5320710414650605,
            -0.5762519560086875,
            1.4303859560086876
        ],
        [
            0.6382140732769194,
            0.7039999267230806,
            0.6537532218561163,
            1.653886778143884
        ],
        [
            -0.531742622952531,
            1.474538622952531,
            3.3772938398185963,
            3.4452261601814036
        ],
        [
            -0.54320148355702,
            0.70693148355702,
            0.6487165277035329,
            0.7150354722964671
        ],
        [
            2.1649803234793805,
            2.2312996765206194,
            0.31531950647825824,
            1.5654524935217418
        ],
        [
            1.470849377047469,
            3.477130622952531,
            3.372463839818596,
            3.4403961601814035
        ],
        [
            0.6398270732769193,
            0.7056129267230806,
            1.0486432218561164,
            2.0487767781438837
        ],
        [
            2.167687073276919,
            2.233472926723081,
            1.518693221856116,
            2.518826778143884
        ],
        [
            2.22242351644298,
            3.47255648355702,
            1.2471805277035328,
            1.3134994722964672
        ]
    ]
}